{
  "naive": {
    "rmse": 0.9129274608148609,
    "mae": 0.5979665517807007,
    "directional_accuracy": 0.4928773955522153,
    "ic": -0.006878828105305472,
    "ic_pvalue": 0.23924072006581007,
    "r2": -2463.568603515625
  },
  "mean": {
    "rmse": 0.018392425891841285,
    "mae": 0.012018871493637562,
    "directional_accuracy": 0.4891538277593687,
    "ic": NaN,
    "ic_pvalue": NaN,
    "r2": -0.00033724308013916016
  },
  "linear": {
    "rmse": 0.018394848358052104,
    "mae": 0.012016842141747475,
    "directional_accuracy": 0.4895296006558945,
    "ic": 0.0028649961712004335,
    "ic_pvalue": 0.6240189740268589,
    "r2": -0.0006006956100463867
  },
  "lstm": {
    "rmse": 0.018511650876447842,
    "mae": 0.012086460366845131,
    "directional_accuracy": 0.5031940696204694,
    "ic": 0.027941305939144286,
    "ic_pvalue": 1.7415978394014827e-06,
    "r2": -0.013348102569580078
  }
}